{
  "recovery_amount": 10.371609330000013,
  "balance_max": 74.7870244,
  "timestamp": "2025-10-17T07:04:16.057117"
}